{"lr": 1.0, "data_time": 0.06000406742095947, "loss": 5.361903429031372, "time": 4.987634325027466, "iter": 10, "memory": 55585, "step": 10}
{"lr": 1.0, "data_time": 0.04815876483917236, "loss": 5.152360439300537, "time": 4.789362168312072, "iter": 20, "memory": 55598, "step": 20}
{"lr": 1.0, "data_time": 0.046461057662963864, "loss": 5.165605640411377, "time": 4.872878742218018, "iter": 30, "memory": 55627, "step": 30}
{"lr": 1.0, "data_time": 0.04762189388275147, "loss": 5.448570966720581, "time": 4.900028204917907, "iter": 40, "memory": 55543, "step": 40}
{"lr": 1.0, "data_time": 0.045101594924926755, "loss": 5.491576242446899, "time": 4.796489500999451, "iter": 50, "memory": 55775, "step": 50}
{"lr": 1.0, "data_time": 0.052833724021911624, "loss": 5.389268970489502, "time": 4.887125086784363, "iter": 60, "memory": 55663, "step": 60}
{"lr": 1.0, "data_time": 0.04383199214935303, "loss": 5.194567108154297, "time": 4.785620164871216, "iter": 70, "memory": 55571, "step": 70}
{"lr": 1.0, "data_time": 0.047939205169677736, "loss": 5.147663354873657, "time": 4.86859164237976, "iter": 80, "memory": 55657, "step": 80}
{"lr": 1.0, "data_time": 0.043738174438476565, "loss": 5.470304107666015, "time": 4.855935835838318, "iter": 90, "memory": 55805, "step": 90}
{"lr": 1.0, "data_time": 0.05306239128112793, "loss": 5.167470026016235, "time": 4.850057744979859, "iter": 100, "memory": 55649, "step": 100}
{"lr": 1.0, "data_time": 0.04535229206085205, "loss": 5.26599702835083, "time": 4.863400101661682, "iter": 110, "memory": 55575, "step": 110}
{"lr": 1.0, "data_time": 0.048356127738952634, "loss": 5.0883691787719725, "time": 4.920093154907226, "iter": 120, "memory": 55634, "step": 120}
{"lr": 1.0, "data_time": 0.043802952766418456, "loss": 5.220492601394653, "time": 4.830154204368592, "iter": 130, "memory": 55832, "step": 130}
{"lr": 1.0, "data_time": 0.04853036403656006, "loss": 5.028353977203369, "time": 4.821860694885254, "iter": 140, "memory": 55642, "step": 140}
{"lr": 1.0, "data_time": 0.04374885559082031, "loss": 5.007132148742675, "time": 4.787625336647034, "iter": 150, "memory": 55518, "step": 150}
{"lr": 1.0, "data_time": 0.04835515022277832, "loss": 4.982538938522339, "time": 4.885369062423706, "iter": 160, "memory": 55560, "step": 160}
{"lr": 1.0, "data_time": 0.357900071144104, "loss": 4.957345819473266, "time": 5.090949511528015, "iter": 170, "memory": 55948, "step": 170}
{"lr": 1.0, "data_time": 0.049292564392089844, "loss": 2.8256276845932007, "time": 4.818642401695252, "iter": 180, "memory": 55661, "step": 180}
{"lr": 1.0, "data_time": 0.048477554321289064, "loss": 2.3738116025924683, "time": 4.807561540603638, "iter": 190, "memory": 55727, "step": 190}
{"lr": 1.0, "data_time": 0.04543635845184326, "loss": 2.5892852306365968, "time": 4.812526845932007, "iter": 200, "memory": 55575, "step": 200}
{"lr": 1.0, "data_time": 0.047041583061218264, "loss": 2.7334592461586, "time": 4.883246564865113, "iter": 210, "memory": 55932, "step": 210}
{"lr": 1.0, "data_time": 0.047613787651062014, "loss": 2.9305388927459717, "time": 4.809380078315735, "iter": 220, "memory": 55802, "step": 220}
{"lr": 1.0, "data_time": 0.045161080360412595, "loss": 2.444749450683594, "time": 4.763510131835938, "iter": 230, "memory": 55534, "step": 230}
{"lr": 1.0, "data_time": 0.045468688011169434, "loss": 2.4316632032394407, "time": 4.861811232566834, "iter": 240, "memory": 55685, "step": 240}
{"lr": 1.0, "data_time": 0.047842764854431154, "loss": 2.7987736463546753, "time": 4.899853229522705, "iter": 250, "memory": 55839, "step": 250}
{"lr": 1.0, "data_time": 0.04270174503326416, "loss": 2.845739507675171, "time": 4.813154149055481, "iter": 260, "memory": 55732, "step": 260}
{"lr": 1.0, "data_time": 0.05097618103027344, "loss": 2.36658034324646, "time": 4.9166086435317995, "iter": 270, "memory": 55706, "step": 270}
{"lr": 1.0, "data_time": 0.04710054397583008, "loss": 2.314495801925659, "time": 4.816951203346252, "iter": 280, "memory": 55525, "step": 280}
{"lr": 1.0, "data_time": 0.04669818878173828, "loss": 2.842262923717499, "time": 4.8725028991699215, "iter": 290, "memory": 55659, "step": 290}
{"lr": 1.0, "data_time": 0.04569900035858154, "loss": 2.7939710140228273, "time": 4.784673118591309, "iter": 300, "memory": 55684, "step": 300}
{"lr": 1.0, "data_time": 0.04518637657165527, "loss": 2.5392765522003176, "time": 4.827965760231018, "iter": 310, "memory": 55675, "step": 310}
{"lr": 1.0, "data_time": 0.0512500524520874, "loss": 2.4754915118217466, "time": 4.877115797996521, "iter": 320, "memory": 55635, "step": 320}
{"lr": 1.0, "data_time": 0.052699947357177736, "loss": 2.640587496757507, "time": 4.885952186584473, "iter": 330, "memory": 55742, "step": 330}
{"lr": 1.0, "data_time": 0.3519455909729004, "loss": 2.133433496952057, "time": 5.189899230003357, "iter": 340, "memory": 55865, "step": 340}
{"lr": 1.0, "data_time": 0.04593734741210938, "loss": 1.0052562594413756, "time": 4.81207857131958, "iter": 350, "memory": 55691, "step": 350}
{"lr": 1.0, "data_time": 0.05255506038665771, "loss": 0.8657925963401795, "time": 4.913837003707886, "iter": 360, "memory": 55749, "step": 360}
{"lr": 1.0, "data_time": 0.05208768844604492, "loss": 0.8756460666656494, "time": 4.849874258041382, "iter": 370, "memory": 55632, "step": 370}
{"lr": 1.0, "data_time": 0.04436876773834229, "loss": 1.092740100622177, "time": 4.818208074569702, "iter": 380, "memory": 55610, "step": 380}
{"lr": 1.0, "data_time": 0.0452458381652832, "loss": 0.9655163645744324, "time": 4.844717812538147, "iter": 390, "memory": 55617, "step": 390}
{"lr": 1.0, "data_time": 0.04687442779541016, "loss": 0.9175732612609864, "time": 4.805132341384888, "iter": 400, "memory": 55640, "step": 400}
{"lr": 1.0, "data_time": 0.0447274923324585, "loss": 1.091167789697647, "time": 4.825867247581482, "iter": 410, "memory": 55685, "step": 410}
{"lr": 1.0, "data_time": 0.0463700532913208, "loss": 1.3077031433582307, "time": 4.876489377021789, "iter": 420, "memory": 55998, "step": 420}
{"lr": 1.0, "data_time": 0.046433520317077634, "loss": 1.074646544456482, "time": 4.828848814964294, "iter": 430, "memory": 55677, "step": 430}
{"lr": 1.0, "data_time": 0.045733070373535155, "loss": 0.9319745659828186, "time": 4.842289090156555, "iter": 440, "memory": 55647, "step": 440}
{"lr": 1.0, "data_time": 0.046994900703430174, "loss": 1.157036930322647, "time": 4.829931354522705, "iter": 450, "memory": 55632, "step": 450}
{"lr": 1.0, "data_time": 0.04532191753387451, "loss": 1.2099157333374024, "time": 4.88116672039032, "iter": 460, "memory": 55920, "step": 460}
{"lr": 1.0, "data_time": 0.04941635131835938, "loss": 1.0893739998340606, "time": 4.775328159332275, "iter": 470, "memory": 55642, "step": 470}
{"lr": 1.0, "data_time": 0.0468106746673584, "loss": 1.0259746313095093, "time": 4.862343859672547, "iter": 480, "memory": 55724, "step": 480}
{"lr": 1.0, "data_time": 0.04742047786712646, "loss": 1.1702567100524903, "time": 4.825358843803405, "iter": 490, "memory": 55571, "step": 490}
{"lr": 1.0, "data_time": 0.04590597152709961, "loss": 1.0784203708171844, "time": 4.879279613494873, "iter": 500, "memory": 55734, "step": 500}
{"lr": 1.0, "data_time": 0.41515202522277833, "loss": 0.7040512412786484, "time": 5.234973430633545, "iter": 510, "memory": 56031, "step": 510}
{"lr": 1.0, "data_time": 0.045135903358459475, "loss": 0.33519106060266496, "time": 4.7953983545303345, "iter": 520, "memory": 55565, "step": 520}
{"lr": 1.0, "data_time": 0.052181673049926755, "loss": 0.26478284448385236, "time": 4.914358496665955, "iter": 530, "memory": 55649, "step": 530}
{"lr": 1.0, "data_time": 0.04484124183654785, "loss": 0.2560877323150635, "time": 4.816646146774292, "iter": 540, "memory": 55518, "step": 540}
{"lr": 1.0, "data_time": 0.046353268623352054, "loss": 0.35086726732552054, "time": 4.811636543273925, "iter": 550, "memory": 55662, "step": 550}
{"lr": 1.0, "data_time": 0.04272263050079346, "loss": 0.38169327676296233, "time": 4.8233031034469604,